INSERT INTO users ( email, first_name, image_url, is_active, last_name, password, username)
VALUES ('ivan@email.de', 'Ivan', 'img', 1, 'Ivanov', '$2a$10$uuZr1X5A/xwnDqGfVn0wS.TYek3EIGnLQnHoWGTvsJp8AEe/YSoQS',
        'vankata'),
       ( 'petar@email.de', 'Petar', 'img', 1, 'Petrov',
        '$2a$10$uuZr1X5A/xwnDqGfVn0wS.TYek3EIGnLQnHoWGTvsJp8AEe/YSoQS', 'peshaka'),
       ( 'georg@email.de', 'Georgi', 'img', 1, 'Georgiev',
        '$2a$10$uuZr1X5A/xwnDqGfVn0wS.TYek3EIGnLQnHoWGTvsJp8AEe/YSoQS', 'goshko');


INSERT INTO categories (id, image_url, name)
VALUES (1, 'https://res.cloudinary.com/diozchjq4/image/upload/v1659259638/category-img/body_il31zd.png', 'Body parts'),
 (2, 'https://res.cloudinary.com/diozchjq4/image/upload/v1659259621/category-img/fuelsystem_c8dekc.png', 'Fuelsystem'),
 (3, 'https://res.cloudinary.com/diozchjq4/image/upload/v1659259622/category-img/brake_dzk0ep.png', 'Brake'),
 (4, 'https://res.cloudinary.com/diozchjq4/image/upload/v1659259625/category-img/gearbox_cnix4w.png', 'Gearbox'),
 (5, 'https://res.cloudinary.com/diozchjq4/image/upload/v1659259621/category-img/chassis_c9l1yk.png', 'Chassis'),
 (6, 'https://res.cloudinary.com/diozchjq4/image/upload/v1659259627/category-img/switches_eskylc.png', 'Locks'),
 (7, 'https://res.cloudinary.com/diozchjq4/image/upload/v1659259632/category-img/interiors_xwxxks.png', 'Interiors'),
 (8, 'https://res.cloudinary.com/diozchjq4/image/upload/v1659259630/category-img/exhausts_jegvfc.png', 'Exhausts'),
 (9, 'https://res.cloudinary.com/diozchjq4/image/upload/v1659259627/category-img/switches_eskylc.png', 'Switches'),
 (10, 'https://res.cloudinary.com/diozchjq4/image/upload/v1659259627/category-img/engines_k9twko.png', 'Engines'),
 (11, 'https://res.cloudinary.com/diozchjq4/image/upload/v1659259624/category-img/steering_tuovhu.png', 'Steering'),
 (12, 'https://res.cloudinary.com/diozchjq4/image/upload/v1659259622/category-img/lights_elkkmn.png', 'Lights'),
 (13, 'https://res.cloudinary.com/diozchjq4/image/upload/v1659259621/category-img/audios_jocdsd.png', 'Audios'),
 (14, 'https://res.cloudinary.com/diozchjq4/image/upload/v1659259623/category-img/mirrors_qi1hpr.png', 'Mirrors'),
 (15, 'https://res.cloudinary.com/diozchjq4/image/upload/v1659259629/category-img/wipers_gnrltv.png', 'Wipers');


INSERT INTO brands (id, name)
VALUES (1, 'VW'),
       (2, 'MERCEDES_BENZ'),
       (3, 'BMW'),
       (4, 'AUDI'),
       (5, 'OPEL'),
       (6, 'PORSCHE');

INSERT INTO models (name, image_url, start_year, end_year, brand_id)
VALUES ('Ameo', 'img', 2016, 2020, 1),
       ('Apollo', 'img', 1981, 1984, 1),
       ('Atlantic', 'img', 1981, 1984, 1),
       ('Beetle', 'img', 2011, 2019, 1),
       ('C-Trek', 'img', 2016, 2018, 1),
       ('Cabrio', 'img', 1979, 2002, 1),
       ('Golf', 'img', 1991, 2022, 1),
       ('Eos', 'img', 2006, 2015, 1),
       ('Fox', 'img', 2003, 2021, 1),
       ('Logus', 'img', 1993, 1997, 1),
       ('Lupo', 'img', 1995, 2005, 1),
       ('Passat', 'img', 2001, 2011, 1),
       ('Phaeton', 'img', 2002, 2016, 1),
       ('Rabbit', 'img', 2016, 2020, 1),
       ('Scirocco', 'img', 2016, 2020, 1),
       ('A-Class', 'img', 2018, 2022, 2),
       ('C-Class', 'img', 1993, 2022, 2),
       ('CLA-Class', 'img', 2011, 2019, 2),
       ('CLS-Class', 'img', 2016, 2018, 2),
       ('E-Class', 'img', 1979, 2002, 2),
       ('EQE', 'img', 2019, 2022, 2),
       ('S-Class', 'img', 2006, 2022, 2),
       ('EQS', 'img', 2003, 2022, 2),
       ('GLA-Class', 'img', 1993, 2022, 2),
       ('GLB-Class', 'img', 2001, 2022, 2),
       ('GLC-Class', 'img', 2000, 2022, 2),
       ('GLS-Class', 'img', 2000, 2022, 2),
       ('GLE-Class', 'img', 2000, 2022, 2),
       ('AMG-GT', 'img', 2000, 2022, 2),
       ('AMG-SL', 'img', 2000, 2022, 2),
       ('VITO', 'img', 2000, 2022, 2),
       ('Viano', 'img', 2000, 2022, 2),
       ('1-Series', 'img', 2000, 2022, 3),
       ('2-Series', 'img', 2000, 2022, 3),
       ('3-Series', 'img', 2000, 2022, 3),
       ('4-Series', 'img', 2000, 2022, 3),
       ('5-Series', 'img', 2000, 2022, 3),
       ('6-Series', 'img', 2000, 2022, 3),
       ('7-Series', 'img', 2000, 2022, 3),
       ('8-Series', 'img', 2000, 2022, 3),
       ('X1', 'img', 2000, 2022, 3),
       ('X2', 'img', 2000, 2022, 3),
       ('X3', 'img', 2000, 2022, 3),
       ('Xx4', 'img', 2000, 2022, 3),
       ('X5', 'img', 2000, 2022, 3),
       ('A1', 'img', 2000, 2022, 4),
       ('A2', 'img', 2000, 2022, 4),
       ('A3', 'img', 2000, 2022, 4),
       ('A4', 'img', 2018, 2022, 4),
       ('A5', 'img', 2018, 2022, 4),
       ('A6', 'img', 2018, 2022, 4),
       ('A7', 'img', 2018, 2022, 4),
       ('A8', 'img', 2018, 2022, 4),
       ('TT', 'img', 2018, 2022, 4),
       ('R8', 'img', 2018, 2022, 4),
       ('Q2', 'img', 2018, 2022, 4),
       ('Q3', 'img', 2018, 2022, 4),
       ('Q4', 'img', 2018, 2022, 4),
       ('Q5', 'img', 2018, 2022, 4),
       ('Q7', 'img', 2018, 2022, 4),
       ('Q8', 'img', 2018, 2022, 4),
       ('Astra', 'img', 2018, 2022, 5),
       ('Corsa', 'img', 2018, 2022, 5),
       ('Insingnia', 'img', 2018, 2022, 5),
       ('Mokka', 'img', 2018, 2022, 5),
       ('Zafira', 'img', 2018, 2022, 5),
       ('Combo', 'img', 2018, 2022, 5),
       ('Boxster', 'img', 2018, 2022, 5),
       ('Cayenne', 'img', 2018, 2022, 6),
       ('Macan', 'img', 2018, 2022, 6),
       ('Panamera', 'img', 2018, 2022, 6);









