
INSERT INTO categories (id, image_url, name)
VALUES (1, 'https://res.cloudinary.com/diozchjq4/image/upload/v1659259638/category-img/body_il31zd.png', 'Body parts'),
 (2, 'https://res.cloudinary.com/diozchjq4/image/upload/v1659259621/category-img/fuelsystem_c8dekc.png', 'Fuelsystem'),
 (3, 'https://res.cloudinary.com/diozchjq4/image/upload/v1659259622/category-img/brake_dzk0ep.png', 'Brake'),
 (4, 'https://res.cloudinary.com/diozchjq4/image/upload/v1659259625/category-img/gearbox_cnix4w.png', 'Gearbox'),
 (5, 'https://res.cloudinary.com/diozchjq4/image/upload/v1659259621/category-img/chassis_c9l1yk.png', 'Chassis'),
 (6, 'https://res.cloudinary.com/diozchjq4/image/upload/v1659259634/category-img/locks_nxhybc.png', 'Locks'),
 (7, 'https://res.cloudinary.com/diozchjq4/image/upload/v1659259632/category-img/interiors_xwxxks.png', 'Interiors'),
 (8, 'https://res.cloudinary.com/diozchjq4/image/upload/v1659259630/category-img/exhausts_jegvfc.png', 'Exhausts'),
 (9, 'https://res.cloudinary.com/diozchjq4/image/upload/v1659259627/category-img/switches_eskylc.png', 'Switches'),
 (10, 'https://res.cloudinary.com/diozchjq4/image/upload/v1659259627/category-img/engines_k9twko.png', 'Engines'),
 (11, 'https://res.cloudinary.com/diozchjq4/image/upload/v1659259624/category-img/steering_tuovhu.png', 'Steering'),
 (12, 'https://res.cloudinary.com/diozchjq4/image/upload/v1659259622/category-img/lights_elkkmn.png', 'Lights'),
 (13, 'https://res.cloudinary.com/diozchjq4/image/upload/v1659259621/category-img/audios_jocdsd.png', 'Audios'),
 (14, 'https://res.cloudinary.com/diozchjq4/image/upload/v1659259623/category-img/mirrors_qi1hpr.png', 'Mirrors'),
 (15, 'https://res.cloudinary.com/diozchjq4/image/upload/v1659259629/category-img/wipers_gnrltv.png', 'Wipers');


INSERT INTO brands (id, name)
VALUES (1, 'VW'),
       (2, 'MERCEDES_BENZ'),
       (3, 'BMW'),
       (4, 'AUDI'),
       (5, 'OPEL'),
       (6, 'PORSCHE');

INSERT INTO models (name, image_url, start_year, end_year, brand_id)
VALUES ('Ameo', 'https://res.cloudinary.com/diozchjq4/image/upload/v1660283849/cars/vw/kisspng-volkswagen-golf-car-electric-vehicle-volkswagen-gr-new-volkswagen-up-london-alan-day-vw-10-5b649e079dc2f1.0287662215333207116462_lkkcuy.png', 2016, 2020, 1),
       ('Apollo', 'https://res.cloudinary.com/diozchjq4/image/upload/v1660283855/cars/vw/kisspng-volkswagen-jetta-car-2018-volkswagen-tiguan-sport-2016-volkswagen-jetta-hybrid-5b3db61bc573f4.0233981015307709718088_cmdyug.png', 1981, 1984, 1),
       ('Atlantic', 'https://res.cloudinary.com/diozchjq4/image/upload/v1660283847/cars/vw/kisspng-car-volkswagen-golf-audi-a4-5b0d6d57044096.4677786515276066150174_xifan6.png', 1981, 1984, 1),
       ('Beetle', 'https://res.cloudinary.com/diozchjq4/image/upload/v1660283846/cars/vw/5a362bdd1db8c1.5846016415134996131218_xbvaxl.png', 2011, 2019, 1),
       ('C-Trek', 'https://res.cloudinary.com/diozchjq4/image/upload/v1660283856/cars/vw/kisspng-volkswagen-amarok-car-volkswagen-gol-pickup-truck-5b2be67732f808.5082780715296037032088_tiyxsr.png', 2016, 2018, 1),
       ('Cabrio', 'https://res.cloudinary.com/diozchjq4/image/upload/v1660283846/cars/vw/5a362bdd1db8c1.5846016415134996131218_xbvaxl.png', 1979, 2002, 1),
       ('Golf', 'https://res.cloudinary.com/diozchjq4/image/upload/v1660283847/cars/vw/kisspng-car-volkswagen-golf-audi-a4-5b0d6d57044096.4677786515276066150174_xifan6.png', 1991, 2022, 1),
       ('Eos', 'https://res.cloudinary.com/diozchjq4/image/upload/v1660283842/cars/vw/kisspng-dacia-logan-car-kia-audi-ford-motor-company-vw-golf-5b5b4a9eb21785.0469389915327095347295_acozn6.png', 2006, 2015, 1),
       ('Fox', 'https://res.cloudinary.com/diozchjq4/image/upload/v1660283851/cars/vw/kisspng-volkswagen-polo-car-sport-utility-vehicle-volkswag-t-roc-5b46bfd879f4b1.5356940315313632884996_dlnm0t.png', 2003, 2021, 1),
       ('Logus', 'https://res.cloudinary.com/diozchjq4/image/upload/v1660283842/cars/vw/kisspng-dacia-logan-car-kia-audi-ford-motor-company-vw-golf-5b5b4a9eb21785.0469389915327095347295_acozn6.png', 1993, 1997, 1),
       ('Lupo', 'https://res.cloudinary.com/diozchjq4/image/upload/v1660283849/cars/vw/kisspng-volkswagen-golf-car-electric-vehicle-volkswagen-gr-new-volkswagen-up-london-alan-day-vw-10-5b649e079dc2f1.0287662215333207116462_lkkcuy.png', 1995, 2005, 1),
       ('Passat', 'https://res.cloudinary.com/diozchjq4/image/upload/v1660283855/cars/vw/kisspng-car-volkswagen-beetle-volkswagen-scirocco-volkswag-volkswagen-5abc5e9d14dff7.0156561115222944290855_se3lue.png', 2001, 2011, 1),
       ('Phaeton', 'https://res.cloudinary.com/diozchjq4/image/upload/v1660283855/cars/vw/kisspng-volkswagen-tiguan-car-sport-utility-vehicle-volksw-5aefb2dc989d28.2475027515256583326251_oxzhcd.png', 2002, 2016, 1),
       ('Rabbit', 'https://res.cloudinary.com/diozchjq4/image/upload/v1660283858/cars/vw/kisspng-volkswagen-crafter-car-volkswagen-golf-opel-combo-volkswagen-5ab5561c7cdd38.0704653815218335005115_jjolrm.png', 2016, 2020, 1),
       ('Boxer', 'https://res.cloudinary.com/diozchjq4/image/upload/v1660283845/cars/vw/kisspng-volkswagen-crafter-car-volkswagen-amarok-van-5aee808276b012.2852628015255799064862_w61ekl.png', 2016, 2020, 1),
       ('A-Class', 'https://res.cloudinary.com/diozchjq4/image/upload/v1659905262/cars/mercedes-benz/a-class_wqvlp5.png', 2018, 2022, 2),
       ('C-Class', 'https://res.cloudinary.com/diozchjq4/image/upload/v1659905260/cars/mercedes-benz/c-class_iqfcib.png', 1993, 2022, 2),
       ('CLA-Class', 'https://res.cloudinary.com/diozchjq4/image/upload/v1659905262/cars/mercedes-benz/a-class_wqvlp5.png', 2011, 2019, 2),
       ('CLS-Class', 'https://res.cloudinary.com/diozchjq4/image/upload/v1659905262/cars/mercedes-benz/a-class_wqvlp5.png', 2016, 2018, 2),
       ('E-Class', 'https://res.cloudinary.com/diozchjq4/image/upload/v1659905262/cars/mercedes-benz/a-class_wqvlp5.png', 1979, 2002, 2),
       ('EQE', 'https://res.cloudinary.com/diozchjq4/image/upload/v1659905259/cars/mercedes-benz/gle-copue_dwbnmd.png', 2019, 2022, 2),
       ('S-Class', 'https://res.cloudinary.com/diozchjq4/image/upload/v1659905261/cars/mercedes-benz/s-class_i1tfl8.png', 2006, 2022, 2),
       ('EQS', 'https://res.cloudinary.com/diozchjq4/image/upload/v1659905259/cars/mercedes-benz/gle-copue_dwbnmd.png', 2003, 2022, 2),
       ('GLA-Class', 'https://res.cloudinary.com/diozchjq4/image/upload/v1659905257/cars/mercedes-benz/glc-coupe_jytdkc.png', 1993, 2022, 2),
       ('G-Class', 'https://res.cloudinary.com/diozchjq4/image/upload/v1659905262/cars/mercedes-benz/g-class_uwcrnb.png', 2001, 2022, 2),
       ('GLC-Class', 'https://res.cloudinary.com/diozchjq4/image/upload/v1659905257/cars/mercedes-benz/glc-coupe_jytdkc.png', 2000, 2022, 2),
       ('GLS-Class', 'https://res.cloudinary.com/diozchjq4/image/upload/v1659905257/cars/mercedes-benz/glc-coupe_jytdkc.png', 2000, 2022, 2),
       ('GLE-Class', 'https://res.cloudinary.com/diozchjq4/image/upload/v1659905257/cars/mercedes-benz/glc-coupe_jytdkc.png', 2000, 2022, 2),
       ('AMG-GT', 'https://res.cloudinary.com/diozchjq4/image/upload/v1659905632/cars/mercedes-benz/sl-amg_ldu7ao.png', 2000, 2022, 2),
       ('AMG-SL', 'https://res.cloudinary.com/diozchjq4/image/upload/v1659905632/cars/mercedes-benz/sl-amg_ldu7ao.png', 2000, 2022, 2),
       ('VITO', 'https://res.cloudinary.com/diozchjq4/image/upload/v1659905262/cars/mercedes-benz/vito_tbxef1.png', 2000, 2022, 2),
       ('Viano', 'https://res.cloudinary.com/diozchjq4/image/upload/v1659905262/cars/mercedes-benz/vito_tbxef1.png', 2000, 2022, 2),
       ('1-Series', 'https://res.cloudinary.com/diozchjq4/image/upload/v1660169962/cars/bmw/kisspng-2016-bmw-x5-bmw-x6-sport-utility-vehicle-luxury-ve-5b0c87633a6133.3077672315275477472392_dmhzbl.png', 2000, 2022, 3),
       ('2-Series', 'https://res.cloudinary.com/diozchjq4/image/upload/v1660169960/cars/bmw/kisspng-mazda-motor-corporation-car-dealership-jeep-toyota-bmw-4-series-2-14-5bf060f67b9331.3244982115424801185062_o0uppv.png', 2000, 2022, 3),
       ('3-Series', 'https://res.cloudinary.com/diozchjq4/image/upload/v1660169958/cars/bmw/kisspng-bmw-2-series-car-dealership-dick-lovett-bmw-bristo-5c9a45f2e5e168.1191315315536143229416_w2vrav.png', 2000, 2022, 3),
       ('4-Series', 'https://res.cloudinary.com/diozchjq4/image/upload/v1660169960/cars/bmw/kisspng-mazda-motor-corporation-car-dealership-jeep-toyota-bmw-4-series-2-14-5bf060f67b9331.3244982115424801185062_o0uppv.png', 2000, 2022, 3),
       ('5-Series', 'https://res.cloudinary.com/diozchjq4/image/upload/v1660169958/cars/bmw/kisspng-car-2018-kia-optima-plug-in-hybrid-holden-commodor-2010-bmw-535i-gran-turismo-5b1b163bbf54f3.3958787115285018197837_qsjjcm.png', 2000, 2022, 3),
       ('6-Series', 'https://res.cloudinary.com/diozchjq4/image/upload/v1660169952/cars/bmw/kisspng-2-18-bmw-33-i-xdrive-car-33-i-new-bmw-3-series-near-brandon-reeves-bmw-tampa-5bef44cdb66577.8280112815424073737471_dwjenm.png', 2000, 2022, 3),
       ('7-Series', 'https://res.cloudinary.com/diozchjq4/image/upload/v1660169960/cars/bmw/kisspng-mazda-motor-corporation-car-dealership-jeep-toyota-bmw-4-series-2-14-5bf060f67b9331.3244982115424801185062_o0uppv.png', 2000, 2022, 3),
       ('8-Series', 'https://res.cloudinary.com/diozchjq4/image/upload/v1660169960/cars/bmw/kisspng-mazda-motor-corporation-car-dealership-jeep-toyota-bmw-4-series-2-14-5bf060f67b9331.3244982115424801185062_o0uppv.png', 2000, 2022, 3),
       ('X1', 'https://res.cloudinary.com/diozchjq4/image/upload/v1660169959/cars/bmw/kisspng-2017-hyundai-santa-fe-lexus-front-wheel-drive-car-5b0c886ed97e15.7891079315275480148909_rk9uhw.png', 2000, 2022, 3),
       ('X2', 'https://res.cloudinary.com/diozchjq4/image/upload/v1660169963/cars/bmw/kisspng-2016-bmw-x5-2015-bmw-x5-2014-bmw-x5-car-bmw-5a6a7e82b9b9f5.9833966315169286427607_cqcyok.png', 2000, 2022, 3),
       ('X3', 'https://res.cloudinary.com/diozchjq4/image/upload/v1660169961/cars/bmw/kisspng-chevrolet-trax-ls-sport-utility-vehicle-car-lt-bmw-westchester-1-images-bmw-x1-in-white-pla-5bf42a03c0c7a7.7536020015427281957896_oiild9.png', 2000, 2022, 3),
       ('X4', 'https://res.cloudinary.com/diozchjq4/image/upload/v1660169958/cars/bmw/kisspng-2018-honda-accord-car-2017-honda-accord-hybrid-hon-5afd851142dae5.1478168715265641132739_qjohsl.png', 2000, 2022, 3),
       ('X5', 'https://res.cloudinary.com/diozchjq4/image/upload/v1660169958/cars/bmw/kisspng-2018-honda-accord-car-2017-honda-accord-hybrid-hon-5afd851142dae5.1478168715265641132739_qjohsl.png', 2000, 2022, 3),
       ('A1', 'https://res.cloudinary.com/diozchjq4/image/upload/v1660169247/cars/audi/5a2121071da682.7089845315121205831215_wjfjmz.png', 2000, 2022, 4),
       ('A2', 'https://res.cloudinary.com/diozchjq4/image/upload/v1660169259/cars/audi/5a38a133528ab3.1705963515136607233381_cwkw7i.png', 2000, 2022, 4),
       ('A3', 'https://res.cloudinary.com/diozchjq4/image/upload/v1660169251/cars/audi/kisspng-2018-audi-q5-car-2017-audi-q5-sport-utility-vehicl-audi-q3-14-tfsi-5b20066c402182.3578832115288254522627_rablyi.png', 2000, 2022, 4),
       ('A4', 'https://res.cloudinary.com/diozchjq4/image/upload/v1660169254/cars/audi/kisspng-2017-audi-q5-audi-a6-allroad-quattro-car-audi-q7-5ae23e9b802924.516947521524776603525_kphygv.png', 2018, 2022, 4),
       ('A5', 'https://res.cloudinary.com/diozchjq4/image/upload/v1660169400/cars/audi/kisspng-audi-r8-car-audi-a7-audi-q7-audi-5ab518266cf090.3972042315218176384462_h8enet.png', 2018, 2022, 4),
       ('A6', 'https://res.cloudinary.com/diozchjq4/image/upload/v1660169249/cars/audi/5a20da9c3c4747.6872037415121025562469_emtfdp.png', 2018, 2022, 4),
       ('A7', 'https://res.cloudinary.com/diozchjq4/image/upload/v1660169397/cars/audi/kisspng-audi-q5-audi-a4-car-audi-a3-5b09f906306d12.2959931215273802301984_cl5wuc.png', 2018, 2022, 4),
       ('A8', 'https://res.cloudinary.com/diozchjq4/image/upload/v1660169397/cars/audi/kisspng-audi-q5-audi-a4-car-audi-a3-5b09f906306d12.2959931215273802301984_cl5wuc.png', 2018, 2022, 4),
       ('TT', 'https://res.cloudinary.com/diozchjq4/image/upload/v1660169400/cars/audi/kisspng-audi-r8-car-audi-a7-audi-q7-audi-5ab518266cf090.3972042315218176384462_h8enet.png', 2018, 2022, 4),
       ('R8', 'https://res.cloudinary.com/diozchjq4/image/upload/v1660169497/cars/audi/kisspng-audi-r8-audi-quattro-audi-s8-audi-q7-5afe8c8e887af9.025813681526631566559_t3bp49.png', 2018, 2022, 4),
       ('Q2', 'https://res.cloudinary.com/diozchjq4/image/upload/v1660169259/cars/audi/kisspng-audi-q3-car-audi-q7-audi-r8-audi-5abc1c03dec595.6440714815222773799125_kqrezu.png', 2018, 2022, 4),
       ('Q3', 'https://res.cloudinary.com/diozchjq4/image/upload/v1660169251/cars/audi/kisspng-2018-audi-q5-2017-audi-q5-car-audi-tt-audi-5aca1b301aa4f8.3888246815231946721092_xl0me3.png', 2018, 2022, 4),
       ('Q4', 'https://res.cloudinary.com/diozchjq4/image/upload/v1660169251/cars/audi/kisspng-2018-audi-q5-car-2017-audi-q5-sport-utility-vehicl-audi-q3-14-tfsi-5b20066c402182.3578832115288254522627_rablyi.png', 2018, 2022, 4),
       ('Q5', 'https://res.cloudinary.com/diozchjq4/image/upload/v1660169251/cars/audi/kisspng-2018-audi-q5-2017-audi-q5-car-audi-tt-audi-5aca1b301aa4f8.3888246815231946721092_xl0me3.png', 2018, 2022, 4),
       ('Q7', 'https://res.cloudinary.com/diozchjq4/image/upload/v1660169254/cars/audi/kisspng-2018-audi-q5-car-audi-q7-audi-a3-audi-q5-hybrid-5b2fe39925cdc3.0702003915298651131549_dbu5nf.png', 2018, 2022, 4),
       ('Q8', 'https://res.cloudinary.com/diozchjq4/image/upload/v1660169254/cars/audi/kisspng-2018-audi-q5-car-audi-q7-audi-a3-audi-q5-hybrid-5b2fe39925cdc3.0702003915298651131549_dbu5nf.png', 2018, 2022, 4),
       ('Astra', 'https://res.cloudinary.com/diozchjq4/image/upload/v1660283390/cars/opel/5a34d52493af20.7828788815134118766049_vp6t3j.png', 2018, 2022, 5),
       ('Corsa', 'https://res.cloudinary.com/diozchjq4/image/upload/v1660283392/cars/opel/5a3aa12d850bd5.3740143515137917895454840_lk8gir.png', 2018, 2022, 5),
       ('Insingnia', 'https://res.cloudinary.com/diozchjq4/image/upload/v1660283391/cars/opel/kisspng-opel-astra-vauxhall-astra-car-holden-astra-assertive-5b231a08e2f041.1758194715290270809296_f9dvbf.png', 2018, 2022, 5),
       ('Mokka', 'https://res.cloudinary.com/diozchjq4/image/upload/v1660283393/cars/opel/kisspng-vauxhall-motors-opel-mokka-car-opel-insignia-opel-transparent-background-5a77adca48cb67.0167082515177927142982_amut2b.png', 2018, 2022, 5),
       ('Zafira', 'https://res.cloudinary.com/diozchjq4/image/upload/v1660283392/cars/opel/kisspng-opel-zafira-car-vauxhall-astra-opel-astra-opel-5ac64baab72af1.7019487115229449387503_ebf3n9.png', 2018, 2022, 5),
       ('Combo', 'https://res.cloudinary.com/diozchjq4/image/upload/v1660283390/cars/opel/kisspng-opel-vivaro-compact-van-car-sport-utility-vehicle-peugeot-minivan-5b401424c37497.9690799815309261168006_1_exa4nz.png', 2018, 2022, 5),
       ('Boxster', 'https://res.cloudinary.com/diozchjq4/image/upload/v1660170373/cars/porsche/kisspng-2017-porsche-911-car-2018-porsche-911-targa-4-gts-5b0b935dc87c78.4833317115274852778212_jpzla2.png', 2018, 2022, 6),
       ('Cayenne', 'https://res.cloudinary.com/diozchjq4/image/upload/v1660170371/cars/porsche/kisspng-2-18-porsche-macan-sport-utility-vehicle-car-lates-paul-miller-porsche-parsippany-new-carrera-2dr-car-5b7f84035a5f66.9709016915350835233702_m6xyaa.png', 2018, 2022, 6),
       ('Macan', 'https://res.cloudinary.com/diozchjq4/image/upload/v1660170374/cars/porsche/kisspng-2018-dodge-charger-sxt-plus-ram-pickup-chrysler-ca-5b1afb749bed32.8666636415284949646387_tiqnmx.png', 2018, 2022, 6),
       ('Panamera', 'https://res.cloudinary.com/diozchjq4/image/upload/v1660170371/cars/porsche/kisspng-2-18-porsche-macan-sport-utility-vehicle-car-lates-paul-miller-porsche-parsippany-new-carrera-2dr-car-5b7f84035a5f66.9709016915350835233702_m6xyaa.png', 2018, 2022, 6);









